[
{
  "model": "polls.question",
  "pk": 2,
  "fields": {
    "question_text": "Which programming language do you prefer?",
    "pub_date": "2023-09-02T18:00:00Z",
    "end_date": null
  }
},
{
  "model": "polls.question",
  "pk": 3,
  "fields": {
    "question_text": "Do you having fun with Django?",
    "pub_date": "2023-09-02T00:00:00Z",
    "end_date": null
  }
},
{
  "model": "polls.question",
  "pk": 4,
  "fields": {
    "question_text": "Which programming framework do you use?",
    "pub_date": "2023-09-12T14:26:10Z",
    "end_date": "2024-02-04T14:26:16Z"
  }
},
{
  "model": "polls.question",
  "pk": 5,
  "fields": {
    "question_text": "What is your favorite integrated development environment (IDE)?",
    "pub_date": "2023-09-12T14:27:11Z",
    "end_date": null
  }
},
{
  "model": "polls.question",
  "pk": 6,
  "fields": {
    "question_text": "What is your preferred version control system?",
    "pub_date": "2023-09-12T14:30:20Z",
    "end_date": null
  }
},
{
  "model": "polls.question",
  "pk": 7,
  "fields": {
    "question_text": "Which database management system (DBMS) do you use most often?",
    "pub_date": "2023-09-12T14:31:53Z",
    "end_date": null
  }
},
{
  "model": "polls.question",
  "pk": 9,
  "fields": {
    "question_text": "What is the most commonly used programming language for web development by you?",
    "pub_date": "2023-09-13T16:28:01Z",
    "end_date": null
  }
},
{
  "model": "polls.question",
  "pk": 10,
  "fields": {
    "question_text": "In software development, what does \"API\" stand for?",
    "pub_date": "2023-09-13T16:29:23Z",
    "end_date": null
  }
},
{
  "model": "polls.question",
  "pk": 11,
  "fields": {
    "question_text": "Which type of software testing focuses on finding defects or issues in a software application?",
    "pub_date": "2023-09-13T16:30:29Z",
    "end_date": "2024-01-08T16:30:32Z"
  }
},
{
  "model": "polls.question",
  "pk": 12,
  "fields": {
    "question_text": "What is the term for a piece of code that is used to solve a specific problem or perform a specific task within a program?",
    "pub_date": "2023-09-13T16:32:01Z",
    "end_date": "2023-09-24T06:15:20Z"
  }
},
{
  "model": "polls.choice",
  "pk": 7,
  "fields": {
    "question": 4,
    "choice_text": "Django"
  }
},
{
  "model": "polls.choice",
  "pk": 8,
  "fields": {
    "question": 4,
    "choice_text": "React"
  }
},
{
  "model": "polls.choice",
  "pk": 9,
  "fields": {
    "question": 4,
    "choice_text": "Angular"
  }
},
{
  "model": "polls.choice",
  "pk": 10,
  "fields": {
    "question": 5,
    "choice_text": "Visual Studio Code"
  }
},
{
  "model": "polls.choice",
  "pk": 11,
  "fields": {
    "question": 5,
    "choice_text": "PyCharm"
  }
},
{
  "model": "polls.choice",
  "pk": 12,
  "fields": {
    "question": 5,
    "choice_text": "Sublime Text"
  }
},
{
  "model": "polls.choice",
  "pk": 13,
  "fields": {
    "question": 5,
    "choice_text": "IntelliJ IDEA"
  }
},
{
  "model": "polls.choice",
  "pk": 14,
  "fields": {
    "question": 6,
    "choice_text": "Git"
  }
},
{
  "model": "polls.choice",
  "pk": 15,
  "fields": {
    "question": 6,
    "choice_text": "Subversion (SVN)"
  }
},
{
  "model": "polls.choice",
  "pk": 16,
  "fields": {
    "question": 6,
    "choice_text": "Mercurial"
  }
},
{
  "model": "polls.choice",
  "pk": 17,
  "fields": {
    "question": 6,
    "choice_text": "Perforce"
  }
},
{
  "model": "polls.choice",
  "pk": 18,
  "fields": {
    "question": 7,
    "choice_text": "PostgreSQL"
  }
},
{
  "model": "polls.choice",
  "pk": 19,
  "fields": {
    "question": 7,
    "choice_text": "MySQL"
  }
},
{
  "model": "polls.choice",
  "pk": 20,
  "fields": {
    "question": 7,
    "choice_text": "MongoDB"
  }
},
{
  "model": "polls.choice",
  "pk": 21,
  "fields": {
    "question": 7,
    "choice_text": "SQLite"
  }
},
{
  "model": "polls.choice",
  "pk": 22,
  "fields": {
    "question": 3,
    "choice_text": "Yes"
  }
},
{
  "model": "polls.choice",
  "pk": 23,
  "fields": {
    "question": 3,
    "choice_text": "No"
  }
},
{
  "model": "polls.choice",
  "pk": 24,
  "fields": {
    "question": 2,
    "choice_text": "Python"
  }
},
{
  "model": "polls.choice",
  "pk": 25,
  "fields": {
    "question": 2,
    "choice_text": "JavaScript"
  }
},
{
  "model": "polls.choice",
  "pk": 26,
  "fields": {
    "question": 2,
    "choice_text": "Java"
  }
},
{
  "model": "polls.choice",
  "pk": 27,
  "fields": {
    "question": 2,
    "choice_text": "C++"
  }
},
{
  "model": "polls.choice",
  "pk": 28,
  "fields": {
    "question": 2,
    "choice_text": "Rust"
  }
},
{
  "model": "polls.choice",
  "pk": 29,
  "fields": {
    "question": 9,
    "choice_text": "Python"
  }
},
{
  "model": "polls.choice",
  "pk": 30,
  "fields": {
    "question": 9,
    "choice_text": "JavaScript"
  }
},
{
  "model": "polls.choice",
  "pk": 31,
  "fields": {
    "question": 9,
    "choice_text": "Java"
  }
},
{
  "model": "polls.choice",
  "pk": 32,
  "fields": {
    "question": 9,
    "choice_text": "Swift"
  }
},
{
  "model": "polls.choice",
  "pk": 33,
  "fields": {
    "question": 10,
    "choice_text": "Application Programming Interface"
  }
},
{
  "model": "polls.choice",
  "pk": 34,
  "fields": {
    "question": 10,
    "choice_text": "Automated Performance Indicator"
  }
},
{
  "model": "polls.choice",
  "pk": 35,
  "fields": {
    "question": 10,
    "choice_text": "Advanced Programming Integration"
  }
},
{
  "model": "polls.choice",
  "pk": 36,
  "fields": {
    "question": 10,
    "choice_text": "Application Process Identifier"
  }
},
{
  "model": "polls.choice",
  "pk": 37,
  "fields": {
    "question": 11,
    "choice_text": "Unit Testing"
  }
},
{
  "model": "polls.choice",
  "pk": 38,
  "fields": {
    "question": 11,
    "choice_text": "Integration Testing"
  }
},
{
  "model": "polls.choice",
  "pk": 39,
  "fields": {
    "question": 11,
    "choice_text": "Debugging"
  }
},
{
  "model": "polls.choice",
  "pk": 40,
  "fields": {
    "question": 11,
    "choice_text": "Quality Assurance"
  }
},
{
  "model": "polls.choice",
  "pk": 41,
  "fields": {
    "question": 12,
    "choice_text": "Algorithm"
  }
},
{
  "model": "polls.choice",
  "pk": 42,
  "fields": {
    "question": 12,
    "choice_text": "Variable"
  }
},
{
  "model": "polls.choice",
  "pk": 43,
  "fields": {
    "question": 12,
    "choice_text": "Function"
  }
},
{
  "model": "polls.choice",
  "pk": 44,
  "fields": {
    "question": 12,
    "choice_text": "Loop"
  }
},
{
  "model": "polls.vote",
  "pk": 3,
  "fields": {
    "choice": 15,
    "user": 3
  }
},
{
  "model": "polls.vote",
  "pk": 4,
  "fields": {
    "choice": 10,
    "user": 3
  }
},
{
  "model": "polls.vote",
  "pk": 5,
  "fields": {
    "choice": 23,
    "user": 3
  }
},
{
  "model": "polls.vote",
  "pk": 6,
  "fields": {
    "choice": 8,
    "user": 3
  }
},
{
  "model": "polls.vote",
  "pk": 7,
  "fields": {
    "choice": 22,
    "user": 9
  }
},
{
  "model": "polls.vote",
  "pk": 8,
  "fields": {
    "choice": 26,
    "user": 9
  }
},
{
  "model": "polls.vote",
  "pk": 9,
  "fields": {
    "choice": 24,
    "user": 3
  }
},
{
  "model": "polls.vote",
  "pk": 10,
  "fields": {
    "choice": 27,
    "user": 8
  }
},
{
  "model": "polls.vote",
  "pk": 11,
  "fields": {
    "choice": 34,
    "user": 3
  }
},
{
  "model": "polls.vote",
  "pk": 12,
  "fields": {
    "choice": 31,
    "user": 3
  }
},
{
  "model": "polls.vote",
  "pk": 13,
  "fields": {
    "choice": 38,
    "user": 3
  }
},
{
  "model": "polls.vote",
  "pk": 14,
  "fields": {
    "choice": 19,
    "user": 3
  }
},
{
  "model": "polls.vote",
  "pk": 15,
  "fields": {
    "choice": 9,
    "user": 9
  }
},
{
  "model": "polls.vote",
  "pk": 16,
  "fields": {
    "choice": 34,
    "user": 9
  }
},
{
  "model": "polls.vote",
  "pk": 17,
  "fields": {
    "choice": 44,
    "user": 3
  }
},
{
  "model": "polls.vote",
  "pk": 18,
  "fields": {
    "choice": 22,
    "user": 11
  }
},
{
  "model": "polls.vote",
  "pk": 19,
  "fields": {
    "choice": 13,
    "user": 11
  }
}
]
